<TreeState CompareLevel="FE Schema Report" DBMS="172" DBMSVersion="11" TemplateFileLocation="SqlServer2012.fet"><Node TypeId="0"/><Node TypeId="8"/><Node TypeId="28"/><Node TypeId="30"/><Node TypeId="35"/><Node TypeId="40"/><Node TypeId="41"/><Node TypeId="42"/><Node TypeId="43"/><Node TypeId="44"/><Node TypeId="45"/><Node TypeId="49"/><Node TypeId="58"/><Node TypeId="60"/><Node TypeId="61"/><Node TypeId="68"/><Node TypeId="69"/><Node TypeId="70"/><Node TypeId="71"/><Node TypeId="72"/><Node TypeId="73"/><Node TypeId="74"/><Node TypeId="79"/><Node TypeId="81"/><Node TypeId="89"/><Node TypeId="90"/><Node TypeId="94"/><Node TypeId="95"/><Node TypeId="96"/><Node TypeId="99"/><Node TypeId="103"/><Node TypeId="108"/><Node TypeId="168"/><Node TypeId="170"/><Node TypeId="185"/><Node TypeId="186"/><Node TypeId="201"/><Node TypeId="204"/><Node TypeId="293"/><Node TypeId="295"/><Node TypeId="297"/><Node TypeId="355"/><Node TypeId="356"/><Node TypeId="424"/></TreeState>
