<Actualizacion>
  <Cabecera>
    <ID>1</ID>
    <FechaCreacion>21/10/2019 15:48:13</FechaCreacion>
    <CreadoPor>JCZ</CreadoPor>
    <TipoActualizacion>5</TipoActualizacion>
    <VersionActualizacion>1</VersionActualizacion>
    <Titulo>CAMBIOS DE DERECHO ESPECIFICO</Titulo>
    <Detalle>La Aduana indico cambios en derecho especfico</Detalle>
  </Cabecera>
  <ArchivosAdjuntos>
    <Archivo_Zip>sadsql5.zip</Archivo_Zip>
    <Archivo_Zip>tabnue.zip</Archivo_Zip>
  </ArchivosAdjuntos>
</Actualizacion>