<Actualizacion>
  <Cabecera>
    <ID>4</ID>
    <FechaCreacion>29/08/2019 11:39:11</FechaCreacion>
    <CreadoPor>JCZ</CreadoPor>
    <TipoActualizacion>5</TipoActualizacion>
    <VersionActualizacion>1</VersionActualizacion>
    <Titulo>ULTIMA ACTUALIZACION DEL OMA</Titulo>
    <Detalle>ACTUALIZACION PARA LA IMPORTACION DEFINITIVA</Detalle>
  </Cabecera>
  <ArchivosAdjuntos>
    <Archivo_Zip>sadsql5.zip</Archivo_Zip>
    <Archivo_Zip>tabnue.zip</Archivo_Zip>
  </ArchivosAdjuntos>
</Actualizacion>